S.No.,Name,Time
1,Osama,12.404440641403198
2,Osama,13.353399515151978
3,Osama,13.773784637451172
4,Osama,14.32356071472168
5,Osama,14.641125917434692
6,Osama,15.553181648254395
7,Osama,16.25530767440796
8,Osama,16.45221519470215
